{
   "mtx": [
      [
         376.58632676078776,
         0.0,
         320.229851323559
      ],
      [
         0.0,
         377.3277585926512,
         188.89544010720886
      ],
      [
         0.0,
         0.0,
         1.0
      ]
   ],
   "dist": [
      [
         -0.3916153991375901,
         0.11587763520253055,
         -0.0036007471376784048,
         0.001964815623822004,
         0.06737212113024384
      ]
   ]
}