{
   "mtx": [
      [
         1161.107086941478,
         0.0,
         948.2004474733628
      ],
      [
         0.0,
         1166.8887234211986,
         608.8830018574113
      ],
      [
         0.0,
         0.0,
         1.0
      ]
   ],
   "dist": [
      [
         -0.5435658832121913,
         0.8889895278168062,
         -0.017174260409137283,
         0.004614250484695657,
         -1.1537064635161052
      ]
   ]
}