{
  "sensor_h": 3.69,
  "sensor_w": 7.38,
  "X": 3.4391865345347377,
  "Y": 120.0,
  "alpha": 0.0999999878390988,
  "beta": -0.02324160578132218,
  "gamma": -0.07280729376986678,
  "focus": 1.8,
  "scale": 1.0,
  "dist": [
    -0.05848107303495917,
    0.0032344678083610335,
    2.2999899365734766e-05,
    0.0005450520526136212,
    -8.886191955878003e-05
  ]
}