{
    "0": {
        "0": 1.0,
        "1": 0.5884826183319092,
        "2": 0.6055035591125488,
        "3": 0.7265257835388184,
        "4": 0.5127644538879395,
        "5": 0.707740068435669,
        "6": 0.8258111476898193,
        "7": 0.4572300910949707,
        "8": 0.8047831058502197,
        "9": 0.8310420513153076
    },
    "1": {
        "0": 0.5884826183319092,
        "1": 1.0,
        "2": 0.5525100231170654,
        "3": 0.6214959621429443,
        "4": 0.5131847858428955,
        "5": 0.5099310874938965,
        "6": 0.5292563438415527,
        "7": 0.48035550117492676,
        "8": 0.5954327583312988,
        "9": 0.6354889869689941
    },
    "2": {
        "0": 0.6055035591125488,
        "1": 0.5525100231170654,
        "2": 1.0,
        "3": 0.7542142868041992,
        "4": 0.4629659652709961,
        "5": 0.5734908580780029,
        "6": 0.579460859298706,
        "7": 0.7186636924743652,
        "8": 0.6028726100921631,
        "9": 0.6580197811126709
    },
    "3": {
        "0": 0.7265257835388184,
        "1": 0.6214959621429443,
        "2": 0.7542142868041992,
        "3": 1.0,
        "4": 0.5168709754943848,
        "5": 0.7145984172821045,
        "6": 0.7062022686004639,
        "7": 0.6310901641845703,
        "8": 0.7489993572235107,
        "9": 0.7815115451812744
    },
    "4": {
        "0": 0.5127644538879395,
        "1": 0.5131847858428955,
        "2": 0.4629659652709961,
        "3": 0.5168709754943848,
        "4": 1.0,
        "5": 0.4965217113494873,
        "6": 0.5524632930755615,
        "7": 0.45798158645629883,
        "8": 0.5653994083404541,
        "9": 0.4601171016693115
    },
    "5": {
        "0": 0.707740068435669,
        "1": 0.5099310874938965,
        "2": 0.5734908580780029,
        "3": 0.7145984172821045,
        "4": 0.4965217113494873,
        "5": 1.0,
        "6": 0.8292727470397949,
        "7": 0.5241096019744873,
        "8": 0.7059326171875,
        "9": 0.7607631683349609
    },
    "6": {
        "0": 0.8258111476898193,
        "1": 0.5292563438415527,
        "2": 0.579460859298706,
        "3": 0.7062022686004639,
        "4": 0.5524632930755615,
        "5": 0.8292727470397949,
        "6": 1.0,
        "7": 0.49520134925842285,
        "8": 0.8304119110107422,
        "9": 0.7379841804504395
    },
    "7": {
        "0": 0.4572300910949707,
        "1": 0.48035550117492676,
        "2": 0.7186636924743652,
        "3": 0.6310901641845703,
        "4": 0.45798158645629883,
        "5": 0.5241096019744873,
        "6": 0.49520134925842285,
        "7": 1.0,
        "8": 0.5188744068145752,
        "9": 0.4840810298919678
    },
    "8": {
        "0": 0.8047831058502197,
        "1": 0.5954327583312988,
        "2": 0.6028726100921631,
        "3": 0.7489993572235107,
        "4": 0.5653994083404541,
        "5": 0.7059326171875,
        "6": 0.8304119110107422,
        "7": 0.5188744068145752,
        "8": 1.0,
        "9": 0.755652904510498
    },
    "9": {
        "0": 0.8310420513153076,
        "1": 0.6354889869689941,
        "2": 0.6580197811126709,
        "3": 0.7815115451812744,
        "4": 0.4601171016693115,
        "5": 0.7607631683349609,
        "6": 0.7379841804504395,
        "7": 0.4840810298919678,
        "8": 0.755652904510498,
        "9": 1.0
    }
}